{"cameraMode":{"drawMode":0,"name":"Shaded","section":"Shading Mode"},"sceneLighting":true,"audioPlay":false,"sceneViewState":{"showFog":true,"showMaterialUpdate":false,"showSkybox":true,"showFlares":true,"showImageEffects":true,"showParticleSystems":true},"in2DMode":false,"pivot":{"x":15.921638488769532,"y":-5.79978609085083,"z":-24.968294143676759},"rotation":{"x":-0.00899728387594223,"y":0.9863991141319275,"z":-0.15362286567687989,"w":-0.05777031183242798},"size":713.0009155273438,"orthographic":false}